40.0,88.0,829.0,1390.0,3142.0,2863.0,2359.0,92.0,69.0,167.0,367.0,1065.0,4243.0,22158.0,228507.0,6810509.0,1
1.0,0.0,2.0,1.0,48.0,2025.0,4414.0,3718.0,713.0,209.0,553.0,1405.0,3971.0,20845.0,208504.0,6831479.0,0
21.0,363.0,2721.0,333.0,1.0,2.0,2.0,7.0,32.0,106.0,453.0,1711.0,8336.0,28776.0,93118.0,601056.0,0
10491.0,3.0,2.0,3.0,1.0,0.0,4.0,3.0,1.0,0.0,3.0,8.0,193.0,2917.0,27331.0,1657056.0,0
1382.0,65.0,54.0,45.0,57.0,63.0,88.0,104.0,181.0,1075.0,2901.0,1192.0,4422.0,21556.0,93461.0,610392.0,0
8790.0,27.0,68.0,157.0,82.0,101.0,141.0,227.0,287.0,368.0,523.0,839.0,1917.0,6543.0,45937.0,1632009.0,0
115.0,48.0,89.0,133.0,269.0,402.0,645.0,1141.0,2016.0,3693.0,7646.0,17896.0,45537.0,119003.0,364541.0,2582554.0,1
356.0,317.0,183.0,210.0,301.0,365.0,549.0,696.0,1429.0,2286.0,3872.0,4099.0,15016.0,48292.0,230319.0,2837438.0,0
12.0,4.0,12.0,8.0,21.0,43.0,72.0,129.0,203.0,443.0,1172.0,3573.0,13079.0,49616.0,223344.0,2853997.0,0
65.0,498.0,627.0,347.0,956.0,695.0,380.0,19.0,3.0,19.0,70.0,444.0,3138.0,16293.0,84332.0,678546.0,0
363.0,22.0,21.0,46.0,46.0,62.0,196.0,339.0,481.0,1088.0,1361.0,1860.0,3644.0,8703.0,32780.0,643068.0,1
2563.0,32.0,22.0,32.0,40.0,39.0,40.0,64.0,76.0,97.0,160.0,300.0,877.0,3037.0,21407.0,757646.0,1
5.0,51.0,168.0,624.0,1986.0,608.0,7.0,31.0,98.0,333.0,1048.0,3027.0,10626.0,35006.0,104585.0,578835.0,0
3.0,3.0,7.0,19.0,20.0,44.0,132.0,1099.0,2826.0,2930.0,2588.0,5199.0,20043.0,81871.0,335839.0,2693105.0,0
3.0,9.0,140.0,959.0,1848.0,508.0,33.0,49.0,181.0,495.0,1321.0,3736.0,11202.0,33219.0,93282.0,590053.0,1
650.0,1225.0,191.0,146.0,154.0,166.0,220.0,351.0,615.0,1329.0,2610.0,5908.0,14842.0,35104.0,66592.0,311689.0,1
8.0,3.0,1.0,4.0,7.0,7.0,9.0,17.0,28.0,36.0,83.0,192.0,564.0,2975.0,21558.0,590816.0,1
841.0,499.0,348.0,96.0,134.0,162.0,342.0,383.0,354.0,454.0,613.0,1334.0,3824.0,15289.0,70483.0,691276.0,1
9.0,1.0,2.0,1.0,111.0,707.0,1908.0,3684.0,2303.0,110.0,47.0,138.0,695.0,6748.0,121092.0,4645482.0,0
5531.0,1014.0,1191.0,1654.0,2141.0,2693.0,3583.0,4668.0,5980.0,7766.0,10256.0,13843.0,20029.0,32833.0,68037.0,605213.0,1
3.0,1.0,2.0,11.0,47.0,182.0,587.0,1277.0,2135.0,3847.0,7024.0,3093.0,4797.0,32352.0,364056.0,5596586.0,1
902.0,1151.0,235.0,222.0,264.0,341.0,480.0,700.0,1078.0,1952.0,3717.0,8080.0,16345.0,33099.0,61317.0,311909.0,0
10475.0,6.0,5.0,5.0,2.0,8.0,8.0,11.0,15.0,20.0,44.0,77.0,329.0,2637.0,24991.0,1659383.0,1
73.0,37.0,52.0,96.0,119.0,155.0,265.0,467.0,850.0,1495.0,2303.0,2599.0,5182.0,13381.0,46025.0,575289.0,1
487.0,72.0,105.0,130.0,132.0,150.0,181.0,153.0,192.0,714.0,661.0,2520.0,1269.0,4685.0,27234.0,504187.0,0
10494.0,0.0,0.0,4.0,9.0,17.0,29.0,71.0,122.0,178.0,288.0,508.0,1220.0,4715.0,21986.0,1658375.0,0
7639.0,19.0,38.0,149.0,119.0,34.0,78.0,119.0,153.0,236.0,425.0,491.0,1368.0,7210.0,47022.0,1632916.0,1
929.0,1019.0,216.0,191.0,191.0,362.0,411.0,684.0,1126.0,1881.0,3471.0,7612.0,16613.0,34693.0,63118.0,309275.0,0
569.0,1181.0,186.0,131.0,149.0,134.0,181.0,307.0,604.0,1298.0,3011.0,6478.0,15668.0,35242.0,65555.0,311098.0,0
3.0,1.0,14.0,65.0,77.0,61.0,73.0,516.0,352.0,659.0,413.0,467.0,681.0,3659.0,21111.0,663759.0,0
1.0,1.0,25.0,97.0,918.0,2302.0,109.0,14.0,33.0,41.0,114.0,348.0,1319.0,10239.0,75899.0,645578.0,0
1059.0,1197.0,268.0,260.0,182.0,211.0,297.0,498.0,782.0,1815.0,3005.0,5798.0,12745.0,29136.0,61844.0,322695.0,0
446.0,408.0,199.0,211.0,225.0,269.0,331.0,474.0,537.0,2228.0,3341.0,3024.0,13259.0,48992.0,245242.0,2826542.0,0
798.0,921.0,139.0,134.0,85.0,142.0,147.0,229.0,497.0,985.0,2493.0,6638.0,14442.0,32710.0,63921.0,317511.0,1
1.0,2.0,3.0,5.0,32.0,1088.0,1296.0,909.0,219.0,5.0,6.0,13.0,214.0,3548.0,11213.0,765320.0,0
1.0,4.0,1.0,0.0,0.0,5.0,6.0,14.0,39.0,173.0,1027.0,7655.0,24970.0,84789.0,365222.0,2661822.0,0
548.0,1187.0,139.0,129.0,115.0,151.0,201.0,309.0,607.0,1238.0,2693.0,6114.0,14496.0,31356.0,62454.0,320055.0,0
203.0,64.0,92.0,84.0,128.0,156.0,133.0,208.0,262.0,260.0,345.0,523.0,1398.0,4844.0,24382.0,559374.0,1
3588.0,8.0,8.0,30.0,37.0,80.0,111.0,160.0,254.0,340.0,501.0,928.0,1859.0,5629.0,27542.0,742799.0,1
59.0,20.0,39.0,55.0,43.0,57.0,206.0,189.0,320.0,697.0,1252.0,2129.0,5233.0,14850.0,39444.0,327453.0,0
1855.0,20.0,26.0,23.0,48.0,62.0,223.0,561.0,352.0,442.0,421.0,680.0,1861.0,6926.0,34875.0,564105.0,0
1.0,5.0,12.0,10.0,9.0,7.0,20.0,34.0,290.0,2012.0,5446.0,2708.0,1678.0,5804.0,107713.0,6952139.0,0
1742.0,91.0,121.0,117.0,160.0,163.0,173.0,247.0,316.0,550.0,1727.0,4079.0,3590.0,11254.0,57914.0,654794.0,0
3365.0,162.0,7.0,20.0,12.0,1.0,0.0,1.0,3.0,8.0,13.0,106.0,697.0,4740.0,37589.0,737150.0,0
681.0,195.0,221.0,575.0,552.0,709.0,264.0,159.0,3.0,7.0,8.0,68.0,760.0,2689.0,13694.0,673979.0,0
1.0,0.0,112.0,264.0,397.0,637.0,878.0,1223.0,2141.0,2491.0,2300.0,1772.0,2985.0,15303.0,202392.0,6844992.0,1
880.0,30.0,58.0,133.0,235.0,192.0,142.0,269.0,350.0,441.0,921.0,1980.0,5188.0,13639.0,40293.0,326573.0,0
169.0,169.0,111.0,149.0,153.0,243.0,335.0,514.0,940.0,3040.0,6060.0,13046.0,39656.0,130688.0,421616.0,2528839.0,0
3.0,0.0,2.0,5.0,28.0,52.0,221.0,1095.0,1814.0,892.0,743.0,1691.0,4964.0,18024.0,78848.0,628656.0,0
729.0,1.0,12.0,23.0,40.0,81.0,364.0,594.0,324.0,454.0,479.0,495.0,1334.0,5239.0,24258.0,356897.0,0
570.0,1247.0,224.0,240.0,278.0,386.0,711.0,1235.0,2495.0,3840.0,6759.0,12137.0,22335.0,37668.0,57113.0,294554.0,0
504.0,1144.0,201.0,191.0,186.0,276.0,408.0,821.0,1336.0,2300.0,4451.0,9162.0,17763.0,33304.0,59878.0,309867.0,1
170.0,693.0,1714.0,847.0,16.0,0.0,6.0,14.0,50.0,171.0,835.0,2396.0,9010.0,25042.0,101749.0,594325.0,0
10492.0,2.0,3.0,0.0,3.0,2.0,4.0,6.0,8.0,16.0,40.0,93.0,377.0,3490.0,23389.0,1660091.0,0
8491.0,26.0,129.0,187.0,79.0,39.0,97.0,83.0,131.0,139.0,190.0,316.0,1019.0,5384.0,35806.0,1645900.0,1
903.0,1153.0,249.0,322.0,304.0,482.0,623.0,839.0,1390.0,2229.0,3699.0,7000.0,14660.0,30120.0,59743.0,318076.0,0
711.0,25.0,23.0,44.0,56.0,107.0,274.0,705.0,928.0,937.0,741.0,983.0,2814.0,10444.0,45899.0,583697.0,0
22.0,14.0,21.0,26.0,38.0,42.0,43.0,58.0,121.0,222.0,1438.0,1650.0,2272.0,5166.0,47495.0,727804.0,0
4.0,3.0,4.0,10.0,8.0,4.0,42.0,1531.0,1482.0,31.0,77.0,216.0,726.0,3139.0,18370.0,552603.0,1
1.0,0.0,4.0,56.0,146.0,191.0,229.0,366.0,1753.0,853.0,41.0,152.0,661.0,3466.0,35935.0,742578.0,0
2968.0,392.0,160.0,23.0,23.0,0.0,0.0,1.0,4.0,6.0,18.0,106.0,743.0,4158.0,30462.0,744810.0,0
1.0,0.0,0.0,9.0,87.0,108.0,180.0,314.0,682.0,2784.0,3166.0,3292.0,13873.0,72863.0,361075.0,2687294.0,0
51.0,65.0,141.0,259.0,562.0,629.0,1109.0,762.0,3.0,1.0,1.0,1.0,18.0,449.0,15355.0,767026.0,0
62.0,11.0,13.0,40.0,89.0,136.0,666.0,849.0,826.0,582.0,467.0,409.0,1100.0,4977.0,28948.0,587110.0,1
640.0,1201.0,208.0,167.0,201.0,231.0,388.0,651.0,1178.0,2306.0,4777.0,9540.0,18238.0,34914.0,60470.0,306682.0,0
3.0,10.0,179.0,429.0,291.0,604.0,1025.0,1984.0,3040.0,2969.0,2011.0,3080.0,10735.0,54558.0,411932.0,6585038.0,1
2582.0,32.0,37.0,38.0,44.0,52.0,74.0,94.0,142.0,202.0,358.0,327.0,1118.0,3113.0,24500.0,753719.0,1
11.0,10.0,8.0,139.0,355.0,609.0,1552.0,4722.0,2251.0,1598.0,398.0,416.0,837.0,3585.0,72637.0,6988760.0,0
2613.0,42.0,50.0,49.0,58.0,68.0,98.0,139.0,177.0,314.0,563.0,512.0,829.0,2341.0,17818.0,760761.0,1
26.0,2.0,3.0,3.0,2.0,2.0,3.0,1.0,8.0,34.0,2107.0,1380.0,419.0,3839.0,36587.0,692622.0,0
304.0,138.0,263.0,436.0,362.0,755.0,703.0,1607.0,1088.0,502.0,621.0,1134.0,2981.0,10960.0,59084.0,1485648.0,0
207.0,44.0,42.0,61.0,51.0,66.0,102.0,224.0,621.0,2151.0,7673.0,25984.0,68074.0,182883.0,459050.0,2398495.0,0
2.0,6.0,19.0,28.0,27.0,37.0,134.0,435.0,1543.0,2739.0,4493.0,2558.0,1243.0,4957.0,77147.0,6982520.0,0
1.0,0.0,1.0,2.0,1.0,3.0,9.0,23.0,340.0,3800.0,3050.0,2002.0,7933.0,51098.0,282059.0,2795406.0,0
2.0,12.0,25.0,66.0,99.0,138.0,239.0,480.0,1411.0,4869.0,3490.0,2590.0,5263.0,16972.0,98908.0,4084926.0,0
2031.0,885.0,360.0,115.0,128.0,154.0,203.0,348.0,971.0,2442.0,6822.0,20073.0,57871.0,165810.0,437184.0,2450331.0,0
2.0,1.0,2.0,7.0,11.0,12.0,39.0,158.0,897.0,3260.0,5012.0,3927.0,10012.0,56957.0,419136.0,5174017.0,0
7109.0,222.0,236.0,273.0,368.0,474.0,597.0,915.0,1313.0,2039.0,3459.0,6537.0,14706.0,40233.0,224462.0,5644449.0,1
10493.0,5.0,3.0,1.0,1.0,0.0,1.0,4.0,6.0,28.0,62.0,144.0,697.0,4815.0,36259.0,1645497.0,0
3314.0,188.0,60.0,69.0,75.0,75.0,115.0,205.0,234.0,280.0,409.0,852.0,1894.0,4607.0,16676.0,757379.0,1
3.0,1.0,1.0,1.0,2.0,2.0,1.0,17.0,75.0,142.0,803.0,3634.0,3460.0,11168.0,48715.0,652818.0,0
559.0,1200.0,154.0,138.0,119.0,172.0,211.0,359.0,686.0,1396.0,3046.0,7004.0,15994.0,32872.0,62823.0,315059.0,0
184.0,42.0,43.0,65.0,78.0,82.0,104.0,118.0,354.0,552.0,1481.0,3289.0,9785.0,44923.0,299460.0,2785168.0,1
496.0,16.0,21.0,29.0,43.0,63.0,246.0,400.0,628.0,545.0,567.0,371.0,964.0,4627.0,30161.0,583893.0,0
226.0,36.0,60.0,97.0,138.0,180.0,656.0,1392.0,977.0,1892.0,2647.0,3140.0,5277.0,13163.0,61829.0,1486892.0,0
7.0,1.0,1.0,1.0,0.0,2.0,18.0,100.0,90.0,84.0,230.0,349.0,1121.0,6155.0,48553.0,729720.0,1
563.0,1274.0,469.0,272.0,373.0,378.0,407.0,535.0,1080.0,2260.0,4802.0,9366.0,18332.0,34826.0,61441.0,305414.0,1
4.0,4.0,14.0,55.0,83.0,142.0,255.0,378.0,616.0,908.0,1015.0,194.0,320.0,2634.0,16827.0,713276.0,0
25.0,10.0,21.0,41.0,66.0,106.0,176.0,342.0,735.0,1879.0,5202.0,15521.0,47673.0,137321.0,402340.0,2534270.0,1
3383.0,181.0,3.0,0.0,0.0,0.0,3.0,1.0,3.0,6.0,16.0,82.0,510.0,2978.0,19843.0,756865.0,0
19.0,24.0,184.0,243.0,416.0,777.0,1304.0,1891.0,3236.0,5717.0,9261.0,17631.0,36741.0,101557.0,365178.0,2601549.0,0
10490.0,2.0,0.0,1.0,4.0,3.0,6.0,2.0,2.0,3.0,8.0,19.0,57.0,1015.0,17890.0,1668514.0,0
554.0,362.0,308.0,178.0,190.0,224.0,322.0,478.0,877.0,1451.0,3993.0,12697.0,37152.0,126662.0,418598.0,2541682.0,0
691.0,1170.0,206.0,176.0,192.0,259.0,376.0,630.0,990.0,1713.0,3297.0,6969.0,15309.0,32869.0,62836.0,314109.0,0
65.0,39.0,50.0,88.0,105.0,182.0,248.0,390.0,579.0,903.0,3353.0,7066.0,9637.0,14693.0,103436.0,6937054.0,1
3208.0,299.0,404.0,558.0,758.0,1031.0,1415.0,1834.0,2238.0,2582.0,3281.0,4383.0,6567.0,12788.0,40440.0,534856.0,0
1.0,0.0,0.0,0.0,0.0,0.0,0.0,5.0,8.0,103.0,2946.0,815.0,1147.0,6474.0,48331.0,677208.0,0
8.0,8.0,116.0,392.0,455.0,463.0,551.0,634.0,898.0,1476.0,3297.0,3423.0,2273.0,6750.0,129077.0,6928067.0,0
25.0,19.0,35.0,104.0,142.0,205.0,392.0,687.0,1445.0,4051.0,11321.0,31556.0,81911.0,198467.0,452935.0,2362433.0,0
5.0,7.0,3.0,10.0,1070.0,2078.0,266.0,4.0,11.0,33.0,89.0,404.0,1866.0,10223.0,75509.0,645460.0,0
2.0,0.0,3.0,15.0,29.0,63.0,184.0,551.0,1692.0,4740.0,11520.0,34312.0,80589.0,190045.0,446814.0,2375169.0,0
10490.0,1.0,2.0,1.0,2.0,4.0,3.0,1.0,1.0,3.0,6.0,11.0,69.0,1342.0,21387.0,1664693.0,0
63.0,29.0,36.0,39.0,78.0,159.0,533.0,1211.0,812.0,1293.0,1804.0,1408.0,3402.0,13051.0,73612.0,1481072.0,0
754.0,934.0,149.0,101.0,78.0,79.0,73.0,98.0,183.0,520.0,1896.0,4955.0,13595.0,33979.0,67075.0,317323.0,1
1401.0,121.0,66.0,122.0,23.0,24.0,27.0,46.0,42.0,73.0,214.0,549.0,592.0,2126.0,13971.0,422971.0,0
2.0,3.0,5.0,15.0,109.0,602.0,2168.0,4164.0,3427.0,5723.0,16144.0,36406.0,85022.0,225090.0,436503.0,2330345.0,0
84.0,100.0,119.0,108.0,56.0,66.0,75.0,97.0,716.0,1234.0,1228.0,833.0,2183.0,4987.0,20934.0,704218.0,0
10488.0,1.0,2.0,2.0,1.0,6.0,3.0,4.0,4.0,11.0,19.0,31.0,150.0,1980.0,32997.0,1652317.0,0
3.0,3.0,7.0,2.0,7.0,26.0,34.0,79.0,269.0,2531.0,1198.0,662.0,2398.0,12069.0,68839.0,685957.0,0
2180.0,1496.0,527.0,473.0,635.0,747.0,934.0,1203.0,1727.0,2893.0,4893.0,8720.0,17293.0,33911.0,59185.0,304975.0,0
626.0,93.0,86.0,93.0,114.0,151.0,194.0,267.0,137.0,158.0,832.0,100.0,309.0,1079.0,9899.0,428230.0,0
4.0,0.0,18.0,6.0,3.0,3.0,68.0,1155.0,3872.0,3510.0,2189.0,266.0,1119.0,9830.0,177349.0,6878496.0,0
1.0,1.0,6.0,22.0,433.0,2489.0,589.0,113.0,260.0,708.0,1690.0,3619.0,10717.0,30591.0,96548.0,589251.0,1
1.0,27.0,57.0,52.0,22.0,33.0,59.0,173.0,338.0,685.0,1098.0,1398.0,3275.0,13441.0,80291.0,685482.0,0
195.0,102.0,120.0,127.0,147.0,218.0,344.0,580.0,925.0,2303.0,5405.0,15596.0,47521.0,147704.0,438903.0,2485538.0,0
766.0,217.0,289.0,384.0,542.0,744.0,1102.0,1705.0,2764.0,5797.0,10551.0,16795.0,32724.0,60441.0,97232.0,504985.0,0
10498.0,1.0,2.0,0.0,5.0,6.0,6.0,3.0,6.0,18.0,24.0,57.0,857.0,4800.0,41993.0,1639740.0,0
84.0,10.0,24.0,55.0,111.0,192.0,632.0,1282.0,1251.0,462.0,426.0,671.0,1399.0,4352.0,21215.0,712314.0,0
2.0,2.0,12.0,4.0,10.0,9.0,24.0,920.0,3204.0,4486.0,2299.0,1578.0,5992.0,40873.0,390227.0,6628246.0,1
1.0,0.0,1.0,2.0,2.0,5.0,305.0,1483.0,1586.0,100.0,106.0,387.0,2058.0,12129.0,70982.0,603765.0,1
1918.0,140.0,180.0,79.0,43.0,53.0,60.0,89.0,116.0,871.0,81.0,39.0,121.0,792.0,13055.0,768795.0,0
2554.0,28.0,31.0,31.0,31.0,47.0,60.0,90.0,100.0,142.0,241.0,507.0,1439.0,4257.0,31759.0,745115.0,0
12.0,5.0,2.0,3.0,5.0,9.0,872.0,4738.0,5086.0,95.0,149.0,381.0,1259.0,6341.0,88472.0,6970459.0,0
3.0,0.0,7.0,9.0,2.0,42.0,78.0,36.0,114.0,1248.0,54.0,782.0,630.0,2940.0,12226.0,765703.0,1
7.0,9.0,13.0,16.0,22.0,32.0,410.0,1851.0,5081.0,2029.0,182.0,237.0,551.0,2997.0,65432.0,5051131.0,0
675.0,1135.0,222.0,152.0,141.0,209.0,303.0,445.0,808.0,1676.0,3706.0,7760.0,17112.0,35712.0,63410.0,308326.0,0
1.0,0.0,0.0,1.0,0.0,6.0,342.0,2136.0,968.0,26.0,62.0,178.0,1037.0,8593.0,68518.0,655170.0,1
10491.0,3.0,4.0,2.0,2.0,7.0,8.0,22.0,31.0,74.0,131.0,315.0,999.0,5750.0,51957.0,1628220.0,0
10.0,7.0,10.0,15.0,21.0,40.0,410.0,1326.0,1301.0,76.0,189.0,490.0,1590.0,6301.0,31182.0,549488.0,0
2.0,0.0,1.0,0.0,176.0,438.0,963.0,2842.0,2441.0,2870.0,1372.0,857.0,3486.0,30372.0,309914.0,6722154.0,0
30.0,14.0,15.0,34.0,44.0,108.0,250.0,556.0,1498.0,4279.0,12796.0,31879.0,82578.0,201982.0,459023.0,2350642.0,0
1.0,102.0,1577.0,3214.0,3458.0,2075.0,407.0,97.0,257.0,677.0,1926.0,6286.0,29624.0,130693.0,645307.0,6252187.0,0
5.0,1.0,0.0,2.0,1.0,3.0,2.0,7.0,8.0,9.0,36.0,1878.0,1853.0,2305.0,36456.0,694472.0,0
1318.0,487.0,472.0,198.0,220.0,346.0,424.0,253.0,431.0,985.0,2653.0,7497.0,25156.0,100845.0,386848.0,2617595.0,0
10493.0,3.0,5.0,2.0,2.0,1.0,1.0,3.0,13.0,29.0,85.0,198.0,694.0,3833.0,22563.0,1660091.0,0
76.0,93.0,101.0,104.0,129.0,144.0,166.0,205.0,304.0,406.0,623.0,1465.0,2402.0,3542.0,27082.0,749590.0,0
312.0,64.0,77.0,104.0,111.0,107.0,131.0,185.0,745.0,2121.0,751.0,498.0,1321.0,5202.0,30247.0,550480.0,1
5.0,5.0,4.0,17.0,38.0,49.0,86.0,464.0,1813.0,1710.0,528.0,922.0,2573.0,8359.0,49830.0,670635.0,0
6.0,47.0,86.0,232.0,1380.0,1693.0,68.0,63.0,154.0,401.0,790.0,1987.0,6017.0,19984.0,79987.0,624143.0,1
4.0,4.0,19.0,26.0,39.0,66.0,249.0,629.0,1358.0,3163.0,5114.0,5570.0,7429.0,31790.0,271368.0,6751060.0,0
4.0,1.0,1.0,2.0,1.0,1.0,5.0,3.0,256.0,3156.0,32.0,23.0,116.0,1406.0,29522.0,702509.0,0
10356.0,5.0,6.0,12.0,22.0,20.0,19.0,38.0,33.0,48.0,66.0,221.0,983.0,7152.0,60464.0,1618571.0,0
52.0,28.0,55.0,73.0,89.0,166.0,790.0,1991.0,1323.0,1265.0,1250.0,1226.0,2826.0,9776.0,57689.0,1469185.0,0
1.0,0.0,0.0,4.0,9.0,34.0,25.0,128.0,2269.0,3908.0,5007.0,893.0,2843.0,11436.0,133658.0,6917673.0,1
2.0,1.0,1.0,0.0,6.0,5.0,5.0,19.0,56.0,137.0,534.0,3455.0,18872.0,72807.0,350722.0,2699106.0,1
761.0,975.0,70.0,120.0,86.0,69.0,109.0,138.0,247.0,525.0,1192.0,3387.0,9000.0,24163.0,56937.0,344013.0,0
324.0,297.0,267.0,299.0,595.0,458.0,863.0,609.0,77.0,91.0,79.0,74.0,126.0,694.0,10456.0,771123.0,0
840.0,928.0,147.0,140.0,129.0,187.0,231.0,328.0,584.0,1237.0,2646.0,6367.0,14785.0,32235.0,62816.0,318192.0,1
1.0,1.0,0.0,0.0,2.0,5.0,602.0,2790.0,48.0,16.0,60.0,293.0,1771.0,11196.0,67582.0,652671.0,0
949.0,935.0,206.0,280.0,280.0,418.0,546.0,798.0,1210.0,1920.0,3370.0,6474.0,14043.0,30142.0,60990.0,319231.0,0
901.0,143.0,36.0,9.0,10.0,32.0,255.0,462.0,439.0,225.0,64.0,124.0,634.0,3099.0,19878.0,362845.0,0
9.0,2.0,25.0,41.0,54.0,331.0,444.0,834.0,2787.0,3847.0,3679.0,4760.0,7247.0,24293.0,217041.0,6812494.0,1
18.0,3.0,8.0,13.0,18.0,28.0,47.0,96.0,151.0,297.0,667.0,2232.0,7362.0,36988.0,296096.0,6733864.0,0
1.0,0.0,3.0,1.0,5.0,8.0,4.0,19.0,361.0,1730.0,3327.0,4999.0,3604.0,17071.0,220550.0,6826205.0,1
3052.0,228.0,255.0,5.0,18.0,17.0,1.0,6.0,6.0,10.0,48.0,145.0,723.0,3823.0,21461.0,754076.0,0
493.0,1195.0,160.0,97.0,102.0,97.0,138.0,223.0,455.0,1126.0,3047.0,6840.0,16479.0,35907.0,65106.0,310327.0,0
5.0,3.0,16.0,12.0,64.0,1812.0,1532.0,15.0,15.0,20.0,44.0,92.0,211.0,864.0,21967.0,710366.0,0
1395.0,59.0,47.0,51.0,87.0,99.0,109.0,111.0,179.0,354.0,807.0,1976.0,3609.0,7847.0,22429.0,403209.0,0
19.0,11.0,30.0,66.0,63.0,196.0,604.0,611.0,535.0,519.0,806.0,762.0,1702.0,7053.0,34756.0,597769.0,0
7.0,9.0,24.0,42.0,80.0,109.0,163.0,201.0,916.0,999.0,1776.0,4684.0,16050.0,76891.0,493638.0,4443259.0,0
1.0,248.0,1611.0,2582.0,4303.0,2013.0,17.0,24.0,76.0,137.0,333.0,944.0,3035.0,18812.0,219376.0,6824376.0,0
615.0,1118.0,162.0,143.0,127.0,184.0,238.0,370.0,656.0,1266.0,2583.0,5975.0,13757.0,30799.0,62497.0,321302.0,0
653.0,1026.0,98.0,107.0,67.0,86.0,99.0,157.0,278.0,663.0,1662.0,4495.0,12299.0,29087.0,64042.0,326973.0,0
492.0,1221.0,156.0,198.0,403.0,257.0,186.0,329.0,602.0,1394.0,3068.0,7237.0,16051.0,33468.0,62114.0,314616.0,1
529.0,990.0,2772.0,3255.0,2098.0,1122.0,12.0,20.0,48.0,99.0,252.0,702.0,3086.0,19971.0,227811.0,6815121.0,0
71.0,12.0,7.0,15.0,15.0,32.0,75.0,232.0,553.0,1717.0,442.0,303.0,729.0,3329.0,20819.0,565723.0,0
828.0,889.0,150.0,137.0,138.0,183.0,267.0,378.0,716.0,1472.0,3125.0,7451.0,15445.0,32934.0,62261.0,315418.0,0
200.0,13.0,45.0,30.0,89.0,131.0,201.0,523.0,459.0,998.0,1046.0,867.0,2718.0,10633.0,48194.0,582241.0,0
2729.0,16.0,17.0,31.0,39.0,64.0,211.0,133.0,148.0,111.0,117.0,343.0,1249.0,6302.0,32359.0,347455.0,0
10497.0,1.0,0.0,1.0,2.0,2.0,0.0,2.0,2.0,3.0,5.0,37.0,347.0,3049.0,37412.0,1646656.0,1
348.0,80.0,95.0,111.0,129.0,131.0,173.0,224.0,303.0,496.0,739.0,1471.0,4459.0,14179.0,59882.0,703612.0,0
4.0,3.0,5.0,3.0,12.0,23.0,187.0,590.0,736.0,449.0,1071.0,463.0,608.0,3065.0,18313.0,667825.0,0
3.0,2.0,2.0,7.0,13.0,7.0,81.0,363.0,947.0,2244.0,3370.0,1337.0,790.0,4758.0,74744.0,3846804.0,0
1.0,5.0,5.0,45.0,87.0,116.0,1171.0,2090.0,48.0,84.0,125.0,290.0,1246.0,8975.0,72814.0,649936.0,0
813.0,21.0,31.0,47.0,37.0,104.0,235.0,131.0,205.0,910.0,300.0,402.0,1263.0,6195.0,31683.0,652187.0,0
121.0,35.0,39.0,35.0,38.0,42.0,146.0,248.0,59.0,260.0,750.0,426.0,766.0,3277.0,17595.0,760037.0,0
5.0,10.0,140.0,630.0,1501.0,973.0,420.0,118.0,240.0,386.0,974.0,1923.0,6671.0,21406.0,101859.0,649176.0,0
9.0,246.0,247.0,317.0,602.0,2038.0,3222.0,1553.0,20.0,50.0,95.0,314.0,1458.0,11811.0,163053.0,3979157.0,0
7684.0,17.0,39.0,61.0,35.0,27.0,69.0,65.0,55.0,36.0,61.0,56.0,192.0,1834.0,14438.0,1673347.0,1
518.0,431.0,192.0,187.0,249.0,270.0,365.0,477.0,1151.0,1890.0,2163.0,3588.0,14453.0,73791.0,357536.0,2688467.0,1
10496.0,2.0,2.0,1.0,2.0,1.0,0.0,2.0,5.0,10.0,23.0,107.0,683.0,4814.0,34438.0,1647430.0,0
6762.0,17.0,13.0,12.0,8.0,27.0,47.0,53.0,81.0,141.0,271.0,592.0,1575.0,6834.0,43620.0,1637963.0,0
92.0,45.0,44.0,93.0,106.0,178.0,311.0,962.0,2594.0,4338.0,4865.0,6596.0,13544.0,57481.0,409269.0,6577370.0,1
10496.0,2.0,2.0,0.0,0.0,0.0,3.0,1.0,1.0,5.0,4.0,6.0,106.0,2611.0,22917.0,1661862.0,0
16.0,3.0,7.0,16.0,68.0,114.0,449.0,949.0,1226.0,476.0,235.0,364.0,1238.0,5752.0,32525.0,604950.0,0
1899.0,97.0,109.0,86.0,102.0,88.0,81.0,121.0,228.0,633.0,2026.0,2051.0,3500.0,14720.0,71013.0,640284.0,1
2301.0,706.0,287.0,354.0,477.0,502.0,439.0,502.0,759.0,1343.0,1937.0,4188.0,13695.0,56472.0,283700.0,2778066.0,0
844.0,930.0,273.0,316.0,284.0,420.0,526.0,845.0,1262.0,2366.0,4945.0,9623.0,18263.0,34220.0,59724.0,306951.0,1
8412.0,29.0,119.0,186.0,88.0,59.0,92.0,113.0,120.0,151.0,130.0,174.0,717.0,4371.0,24675.0,1658580.0,0
1684.0,45.0,31.0,51.0,56.0,95.0,197.0,306.0,576.0,1167.0,2666.0,8229.0,18226.0,43551.0,104594.0,555564.0,0
10495.0,2.0,4.0,7.0,8.0,10.0,21.0,32.0,48.0,80.0,121.0,292.0,2060.0,5666.0,29728.0,1649442.0,0
2.0,2.0,4.0,7.0,3.0,18.0,74.0,1236.0,2021.0,158.0,48.0,117.0,639.0,5128.0,49366.0,678215.0,0
14.0,41.0,152.0,543.0,1080.0,2313.0,3846.0,1848.0,855.0,1099.0,1732.0,4644.0,17396.0,86046.0,527277.0,6429002.0,1
856.0,917.0,101.0,220.0,143.0,160.0,276.0,378.0,659.0,1012.0,2022.0,4385.0,10843.0,27278.0,62229.0,330313.0,0
565.0,1163.0,137.0,107.0,98.0,157.0,181.0,305.0,634.0,1386.0,3339.0,7737.0,17150.0,35951.0,63934.0,308948.0,1
37.0,1421.0,3071.0,3196.0,2379.0,658.0,5.0,10.0,31.0,69.0,177.0,562.0,3441.0,23323.0,355935.0,6683573.0,0
1.0,1.0,107.0,544.0,1490.0,1273.0,29.0,10.0,30.0,48.0,198.0,641.0,2741.0,15359.0,84416.0,630150.0,0
1369.0,92.0,152.0,205.0,88.0,140.0,225.0,599.0,293.0,517.0,626.0,463.0,1149.0,7482.0,72625.0,1492577.0,0
535.0,1188.0,216.0,146.0,87.0,105.0,142.0,262.0,785.0,1406.0,2545.0,6464.0,15773.0,34983.0,64630.0,312525.0,0
45.0,18.0,33.0,30.0,39.0,78.0,261.0,408.0,275.0,663.0,1051.0,1330.0,1981.0,7179.0,36323.0,563087.0,0
150.0,75.0,345.0,106.0,102.0,379.0,1002.0,1378.0,411.0,372.0,486.0,652.0,1359.0,4332.0,19080.0,575498.0,1
895.0,1819.0,578.0,512.0,551.0,784.0,1036.0,1425.0,1116.0,1393.0,2132.0,2994.0,6517.0,24814.0,194471.0,6836851.0,1
1.0,0.0,0.0,0.0,1.0,2.0,5.0,12.0,10.0,37.0,68.0,151.0,822.0,4432.0,30655.0,750236.0,0
16.0,6.0,12.0,6.0,6.0,16.0,15.0,33.0,32.0,59.0,151.0,1585.0,3082.0,5371.0,43385.0,732657.0,1
3946.0,91.0,114.0,147.0,184.0,222.0,314.0,483.0,682.0,1033.0,1651.0,2833.0,5144.0,10805.0,30340.0,728443.0,1
506.0,1199.0,157.0,93.0,102.0,60.0,64.0,82.0,165.0,649.0,1629.0,3996.0,12460.0,33336.0,68767.0,318527.0,1
2.0,1.0,22.0,34.0,66.0,120.0,450.0,1591.0,448.0,45.0,106.0,326.0,896.0,3259.0,25479.0,409523.0,0
834.0,938.0,201.0,121.0,124.0,149.0,188.0,311.0,619.0,1296.0,3159.0,7030.0,16143.0,34432.0,64323.0,311924.0,0
5.0,1.0,6.0,5.0,7.0,5.0,9.0,12.0,1348.0,3920.0,2990.0,141.0,319.0,3402.0,89100.0,4107326.0,0
3.0,0.0,0.0,1.0,4.0,2.0,7.0,11.0,21.0,46.0,508.0,2232.0,3378.0,8501.0,50649.0,721069.0,0
1283.0,100.0,103.0,114.0,140.0,233.0,407.0,623.0,553.0,641.0,1455.0,729.0,3227.0,20320.0,90607.0,616503.0,1
3.0,5.0,33.0,486.0,2433.0,3131.0,2292.0,1885.0,4540.0,8532.0,16327.0,32771.0,84549.0,183691.0,427652.0,2377398.0,0
1.0,0.0,5.0,7.0,15.0,26.0,224.0,1485.0,1866.0,333.0,251.0,386.0,606.0,1202.0,10767.0,769258.0,0
3080.0,306.0,85.0,264.0,135.0,43.0,43.0,55.0,87.0,162.0,268.0,627.0,1526.0,3660.0,15640.0,760451.0,0
785.0,1213.0,316.0,256.0,318.0,437.0,718.0,1027.0,1698.0,2728.0,4820.0,8210.0,16310.0,33191.0,60856.0,308909.0,1
503.0,1215.0,179.0,132.0,119.0,118.0,204.0,400.0,930.0,1706.0,3565.0,8206.0,18309.0,37237.0,63838.0,305131.0,0
233.0,51.0,50.0,62.0,84.0,85.0,126.0,310.0,926.0,2646.0,9438.0,27975.0,72410.0,190991.0,461289.0,2379052.0,1
2.0,1.0,0.0,0.0,10.0,6.0,4.0,10.0,1950.0,1489.0,49.0,146.0,597.0,3803.0,43338.0,685633.0,0
1344.0,230.0,266.0,331.0,490.0,638.0,831.0,978.0,1314.0,2072.0,3438.0,2672.0,3394.0,6090.0,19046.0,523306.0,1
249.0,262.0,374.0,393.0,516.0,534.0,496.0,753.0,1427.0,2288.0,3242.0,801.0,1360.0,11418.0,169628.0,6884147.0,1
2318.0,340.0,235.0,90.0,85.0,88.0,209.0,115.0,131.0,143.0,207.0,532.0,1205.0,4498.0,30671.0,705719.0,0
10488.0,2.0,2.0,2.0,1.0,4.0,2.0,2.0,2.0,4.0,11.0,44.0,309.0,3527.0,44792.0,1638824.0,0
3368.0,296.0,176.0,235.0,247.0,156.0,189.0,332.0,497.0,780.0,1397.0,3088.0,9355.0,37324.0,201826.0,3612222.0,0
401.0,41.0,29.0,48.0,85.0,81.0,172.0,351.0,379.0,1039.0,1287.0,1915.0,4467.0,16158.0,87916.0,1367839.0,0
1651.0,43.0,54.0,71.0,91.0,111.0,176.0,284.0,420.0,613.0,1121.0,1329.0,3540.0,13451.0,61659.0,659848.0,0
720.0,10.0,19.0,32.0,178.0,162.0,542.0,659.0,180.0,27.0,44.0,145.0,583.0,3050.0,19554.0,363975.0,0
2.0,0.0,2.0,4.0,8.0,123.0,573.0,1300.0,2820.0,3351.0,2584.0,511.0,1746.0,15068.0,260886.0,6788910.0,0
40.0,85.0,99.0,178.0,413.0,1211.0,1779.0,1347.0,1228.0,1186.0,399.0,1100.0,5498.0,32787.0,239018.0,2859360.0,0
10494.0,3.0,2.0,2.0,1.0,0.0,2.0,4.0,11.0,13.0,76.0,189.0,934.0,7248.0,49343.0,1629694.0,0
10490.0,1.0,1.0,1.0,3.0,3.0,3.0,2.0,1.0,2.0,2.0,4.0,136.0,2154.0,30317.0,1654896.0,0
685.0,89.0,107.0,149.0,111.0,182.0,657.0,955.0,625.0,1036.0,1176.0,718.0,1991.0,9547.0,58449.0,1502125.0,0
369.0,454.0,379.0,518.0,565.0,911.0,1323.0,1744.0,1387.0,1495.0,1355.0,1615.0,1732.0,13105.0,223964.0,6826972.0,1
1.0,0.0,0.0,2.0,0.0,32.0,146.0,627.0,1267.0,1376.0,177.0,214.0,694.0,5262.0,51683.0,675557.0,0
13.0,35.0,115.0,131.0,310.0,932.0,1559.0,3093.0,3212.0,3911.0,11833.0,32561.0,92997.0,308590.0,701988.0,3877568.0,1
220.0,351.0,494.0,776.0,904.0,1653.0,1719.0,2996.0,1383.0,662.0,168.0,313.0,775.0,3928.0,87495.0,6974051.0,1
10495.0,1.0,3.0,2.0,2.0,4.0,1.0,3.0,8.0,17.0,52.0,121.0,479.0,5447.0,36769.0,1644612.0,0
449.0,34.0,73.0,100.0,147.0,248.0,324.0,400.0,242.0,333.0,729.0,1654.0,4249.0,12623.0,42428.0,329457.0,1
1.0,0.0,0.0,3.0,7.0,14.0,55.0,585.0,3092.0,3952.0,3576.0,7709.0,36947.0,150987.0,592306.0,4239614.0,1
13.0,4.0,1.0,3.0,31.0,448.0,1049.0,2097.0,3712.0,3338.0,198.0,151.0,663.0,5479.0,122039.0,6938662.0,0
413.0,30.0,29.0,58.0,123.0,73.0,271.0,468.0,325.0,644.0,960.0,1083.0,2171.0,7157.0,37729.0,643992.0,0
1.0,2.0,1.0,8.0,4.0,9.0,12.0,318.0,3375.0,3834.0,1836.0,5848.0,25778.0,105725.0,417646.0,2581331.0,0
605.0,1273.0,157.0,148.0,104.0,142.0,182.0,354.0,843.0,1596.0,2968.0,7271.0,16829.0,36249.0,64483.0,308588.0,0
92.0,21.0,50.0,75.0,108.0,176.0,666.0,1932.0,1190.0,1170.0,1739.0,1907.0,3981.0,12761.0,58834.0,1493900.0,0
1204.0,103.0,117.0,85.0,110.0,111.0,122.0,145.0,242.0,515.0,1225.0,2503.0,4075.0,17661.0,78702.0,630118.0,0
10.0,5.0,8.0,22.0,13.0,13.0,11.0,15.0,198.0,1141.0,1655.0,695.0,259.0,1677.0,24761.0,755949.0,0
795.0,1094.0,212.0,226.0,233.0,331.0,413.0,604.0,898.0,1442.0,2921.0,6486.0,14045.0,30415.0,61763.0,319914.0,0
2.0,2.0,3.0,7.0,55.0,247.0,740.0,1707.0,3781.0,3469.0,1372.0,511.0,1904.0,14677.0,213348.0,6836063.0,1
742.0,10.0,19.0,27.0,20.0,23.0,59.0,45.0,55.0,201.0,705.0,1713.0,2482.0,6837.0,36814.0,542704.0,1
10490.0,2.0,6.0,17.0,14.0,22.0,31.0,57.0,103.0,206.0,218.0,313.0,545.0,2983.0,21637.0,1661372.0,0
49.0,13.0,20.0,32.0,32.0,70.0,123.0,399.0,440.0,1102.0,1182.0,803.0,1746.0,7050.0,30944.0,572955.0,1
321.0,600.0,162.0,163.0,223.0,300.0,471.0,646.0,1085.0,1972.0,4808.0,14004.0,42775.0,131773.0,404359.0,2542066.0,1
4.0,29.0,186.0,1543.0,2029.0,1850.0,2328.0,2573.0,5051.0,8628.0,17585.0,27463.0,66538.0,143362.0,449626.0,2416933.0,0
10485.0,1.0,2.0,3.0,7.0,3.0,4.0,11.0,15.0,17.0,49.0,69.0,281.0,1691.0,16441.0,1668937.0,0
831.0,919.0,299.0,220.0,56.0,91.0,100.0,172.0,349.0,579.0,1849.0,3843.0,10621.0,28235.0,65217.0,328411.0,0
405.0,62.0,71.0,55.0,82.0,93.0,142.0,165.0,227.0,398.0,1215.0,2474.0,3676.0,9128.0,50571.0,717668.0,1
199.0,13.0,23.0,26.0,13.0,25.0,39.0,30.0,69.0,186.0,514.0,2072.0,6645.0,20848.0,75880.0,679850.0,1
874.0,53.0,43.0,58.0,72.0,87.0,419.0,779.0,503.0,529.0,773.0,1225.0,2036.0,6268.0,32672.0,1532211.0,0
1.0,1.0,1.0,3.0,15.0,192.0,1281.0,1934.0,31.0,13.0,31.0,144.0,806.0,7836.0,59861.0,664888.0,0
102.0,49.0,66.0,100.0,163.0,232.0,327.0,445.0,699.0,1256.0,2998.0,10024.0,32010.0,111534.0,402329.0,2583394.0,0
287.0,43.0,53.0,65.0,60.0,99.0,169.0,415.0,1140.0,3406.0,10234.0,30107.0,79652.0,195763.0,448968.0,2375267.0,1
5056.0,1294.0,577.0,511.0,562.0,625.0,767.0,1009.0,1408.0,2575.0,4343.0,8298.0,17432.0,34009.0,58564.0,304762.0,0
10491.0,1.0,1.0,3.0,3.0,1.0,3.0,2.0,4.0,4.0,4.0,25.0,221.0,2775.0,23472.0,1661006.0,0
804.0,326.0,478.0,644.0,939.0,1119.0,1431.0,1945.0,2610.0,3325.0,4195.0,4151.0,5896.0,10533.0,28685.0,581307.0,0
84.0,13.0,19.0,14.0,19.0,33.0,42.0,64.0,124.0,452.0,1827.0,1943.0,2571.0,6939.0,46139.0,726149.0,1
724.0,2.0,1.0,11.0,22.0,50.0,223.0,482.0,804.0,133.0,126.0,156.0,934.0,2781.0,17688.0,368271.0,0
16.0,17.0,20.0,34.0,60.0,83.0,122.0,234.0,649.0,2288.0,7883.0,16516.0,45612.0,142494.0,433406.0,2496294.0,0
1.0,0.0,0.0,1.0,4.0,194.0,2069.0,1298.0,12.0,36.0,154.0,653.0,3503.0,18157.0,83183.0,664819.0,0
3.0,14.0,8.0,85.0,301.0,287.0,1180.0,1914.0,3806.0,2839.0,510.0,251.0,1012.0,7123.0,154026.0,6904529.0,0
105.0,395.0,571.0,616.0,551.0,840.0,1314.0,2861.0,3239.0,1146.0,557.0,1094.0,2773.0,11666.0,127122.0,6923038.0,1
4840.0,1.0,1.0,1.0,3.0,5.0,3.0,17.0,32.0,140.0,240.0,565.0,1452.0,3067.0,15976.0,364981.0,1
9.0,165.0,303.0,463.0,526.0,539.0,625.0,1015.0,2285.0,2600.0,2170.0,528.0,640.0,5302.0,128618.0,6932100.0,0
9927.0,28.0,44.0,55.0,75.0,49.0,45.0,75.0,56.0,59.0,47.0,67.0,302.0,3398.0,37285.0,1646504.0,0
320.0,1253.0,267.0,402.0,145.0,163.0,250.0,426.0,764.0,1580.0,3162.0,6804.0,14976.0,33366.0,64142.0,313772.0,1
566.0,56.0,35.0,7.0,7.0,15.0,160.0,394.0,830.0,2399.0,10719.0,7259.0,7124.0,12311.0,170063.0,9824279.0,0
11.0,3.0,9.0,9.0,14.0,33.0,96.0,2429.0,1026.0,289.0,557.0,604.0,878.0,3312.0,39490.0,688278.0,0
8133.0,376.0,362.0,335.0,732.0,875.0,179.0,211.0,375.0,819.0,1740.0,4540.0,13600.0,55863.0,328399.0,6661349.0,1
3000.0,1.0,0.0,2.0,5.0,10.0,11.0,20.0,52.0,137.0,378.0,375.0,1197.0,3860.0,15641.0,366635.0,1
3.0,5.0,13.0,17.0,14.0,23.0,66.0,449.0,1969.0,3089.0,4105.0,3414.0,4693.0,26168.0,264154.0,6769706.0,0
2201.0,217.0,195.0,219.0,264.0,338.0,416.0,686.0,2643.0,3891.0,923.0,1735.0,3797.0,13454.0,184026.0,5732387.0,0
337.0,393.0,337.0,443.0,508.0,641.0,1137.0,1024.0,1027.0,2527.0,3348.0,1162.0,3744.0,19218.0,243960.0,6798082.0,1
6424.0,214.0,82.0,39.0,58.0,40.0,75.0,128.0,137.0,200.0,391.0,874.0,1728.0,6638.0,32462.0,1648526.0,1
2351.0,28.0,23.0,20.0,7.0,61.0,111.0,104.0,113.0,339.0,203.0,443.0,1591.0,8417.0,47303.0,722760.0,0
54.0,14.0,13.0,9.0,17.0,18.0,11.0,22.0,764.0,2516.0,2561.0,2119.0,1305.0,8057.0,130688.0,3934075.0,0
5.0,6.0,9.0,18.0,31.0,46.0,98.0,149.0,206.0,332.0,3358.0,469.0,599.0,4461.0,48766.0,678485.0,0
3093.0,358.0,50.0,5.0,40.0,42.0,17.0,53.0,95.0,179.0,388.0,964.0,2444.0,6935.0,27142.0,742069.0,0
179.0,31.0,45.0,57.0,106.0,143.0,256.0,490.0,1161.0,2441.0,7609.0,20902.0,52890.0,152709.0,436664.0,2470045.0,0
1105.0,932.0,208.0,157.0,185.0,144.0,183.0,260.0,372.0,768.0,1871.0,3818.0,11061.0,29239.0,65958.0,325531.0,0
10468.0,12.0,4.0,4.0,1.0,2.0,4.0,1.0,4.0,2.0,13.0,27.0,172.0,1669.0,15323.0,1670310.0,1
4.0,2.0,4.0,7.0,38.0,130.0,270.0,351.0,1667.0,1774.0,787.0,1735.0,4040.0,16242.0,83185.0,676196.0,0
913.0,889.0,151.0,171.0,158.0,219.0,318.0,474.0,849.0,1511.0,3064.0,6776.0,15224.0,31853.0,62299.0,316923.0,0
64.0,16.0,8.0,35.0,91.0,100.0,284.0,722.0,1089.0,687.0,387.0,401.0,912.0,4123.0,21935.0,592835.0,1
764.0,90.0,172.0,260.0,613.0,570.0,921.0,1136.0,1194.0,897.0,1204.0,2570.0,6537.0,20278.0,80954.0,1460442.0,0
2.0,1.0,1.0,2.0,1.0,0.0,1.0,3.0,5.0,12.0,80.0,3010.0,505.0,2198.0,18420.0,568215.0,0
896.0,998.0,230.0,173.0,188.0,239.0,327.0,491.0,804.0,1545.0,3090.0,6988.0,15745.0,33827.0,63946.0,312305.0,0
2602.0,44.0,45.0,44.0,54.0,69.0,89.0,90.0,159.0,220.0,527.0,1066.0,2412.0,6694.0,34980.0,737337.0,1
1.0,3.0,2.0,7.0,14.0,41.0,105.0,926.0,4819.0,5556.0,8348.0,18394.0,41890.0,115665.0,374507.0,2575450.0,0
3.0,4.0,15.0,24.0,37.0,46.0,64.0,89.0,202.0,1574.0,4456.0,2671.0,1757.0,6532.0,107976.0,4519860.0,1
1883.0,372.0,586.0,707.0,735.0,785.0,967.0,1089.0,1031.0,1266.0,1603.0,2342.0,4453.0,10662.0,40928.0,542433.0,1
7043.0,1257.0,895.0,239.0,152.0,151.0,390.0,292.0,298.0,442.0,727.0,1554.0,4220.0,18034.0,175765.0,6866429.0,1
114.0,22.0,16.0,22.0,209.0,286.0,684.0,1877.0,4246.0,3567.0,572.0,877.0,2511.0,10101.0,114623.0,6938161.0,0
7.0,1.0,1.0,8.0,155.0,632.0,639.0,1372.0,706.0,173.0,46.0,72.0,141.0,593.0,9709.0,772177.0,0
4.0,52.0,62.0,101.0,391.0,1451.0,744.0,62.0,80.0,122.0,260.0,551.0,1418.0,5222.0,31873.0,399975.0,0
176.0,110.0,162.0,358.0,578.0,1069.0,1726.0,2757.0,4329.0,7314.0,12471.0,20303.0,40586.0,117164.0,391494.0,2545131.0,0
12.0,4.0,8.0,5.0,12.0,63.0,116.0,151.0,402.0,734.0,1699.0,7284.0,3316.0,5675.0,61078.0,5866833.0,1
3.0,6.0,7.0,70.0,366.0,1591.0,1043.0,48.0,31.0,92.0,260.0,627.0,2007.0,7317.0,33391.0,545597.0,0
1.0,0.0,1.0,1.0,1.0,1.0,0.0,4.0,13.0,1240.0,2309.0,363.0,1366.0,7186.0,58615.0,665937.0,0
3.0,22.0,586.0,2238.0,623.0,36.0,51.0,50.0,84.0,208.0,367.0,1431.0,6071.0,27109.0,102474.0,595685.0,0
1.0,0.0,1.0,1.0,23.0,169.0,148.0,227.0,1285.0,589.0,498.0,1100.0,1900.0,8910.0,33648.0,735374.0,0
16.0,91.0,209.0,518.0,555.0,547.0,685.0,792.0,1169.0,2205.0,3566.0,2231.0,2401.0,16277.0,217523.0,6829103.0,0
10497.0,2.0,3.0,1.0,0.0,0.0,2.0,11.0,9.0,43.0,78.0,224.0,1680.0,7330.0,42651.0,1635485.0,0
28.0,11.0,32.0,84.0,226.0,485.0,977.0,1972.0,3495.0,6050.0,11328.0,20848.0,28948.0,65022.0,376124.0,5500370.0,1
3.0,3.0,4.0,12.0,24.0,40.0,79.0,153.0,390.0,1129.0,5459.0,15183.0,40984.0,129657.0,422703.0,2529905.0,0
537.0,1295.0,177.0,192.0,156.0,258.0,435.0,900.0,1577.0,2446.0,4912.0,9552.0,18899.0,35666.0,59629.0,305161.0,1
2.0,18.0,168.0,321.0,1217.0,985.0,1759.0,2117.0,1532.0,613.0,1107.0,2231.0,8018.0,37650.0,277713.0,2810277.0,0
10017.0,9.0,4.0,5.0,30.0,62.0,59.0,146.0,244.0,522.0,971.0,1885.0,4316.0,11070.0,54382.0,1614294.0,0
7.0,5.0,169.0,486.0,1589.0,2293.0,2465.0,515.0,804.0,2113.0,7148.0,18746.0,52966.0,180430.0,434479.0,2441513.0,0
2.0,8.0,7.0,24.0,36.0,56.0,116.0,263.0,1282.0,2265.0,368.0,416.0,909.0,3006.0,25871.0,751803.0,0
51.0,82.0,127.0,240.0,364.0,988.0,1203.0,1333.0,1804.0,1382.0,850.0,3447.0,14076.0,51731.0,218893.0,2849157.0,0
823.0,117.0,101.0,112.0,131.0,166.0,213.0,329.0,314.0,177.0,748.0,429.0,464.0,3151.0,25085.0,754072.0,0
530.0,1166.0,154.0,100.0,165.0,152.0,219.0,337.0,615.0,1245.0,3067.0,6688.0,15494.0,33853.0,64100.0,313907.0,0
147.0,40.0,41.0,55.0,122.0,224.0,285.0,404.0,1564.0,2804.0,4408.0,9455.0,30238.0,107342.0,398035.0,2590564.0,0
1206.0,28.0,31.0,42.0,65.0,77.0,167.0,357.0,882.0,963.0,923.0,830.0,1730.0,5702.0,33783.0,710384.0,0
3.0,12.0,9.0,22.0,28.0,59.0,578.0,1420.0,762.0,190.0,201.0,450.0,1079.0,6758.0,33302.0,739001.0,0
1.0,0.0,0.0,1.0,25.0,137.0,1367.0,2651.0,4984.0,1825.0,758.0,1520.0,5053.0,24747.0,231511.0,6803308.0,1
2293.0,46.0,61.0,61.0,64.0,119.0,132.0,169.0,253.0,381.0,2444.0,2679.0,3243.0,15136.0,81572.0,628385.0,0
674.0,1260.0,215.0,165.0,191.0,240.0,308.0,554.0,1117.0,2094.0,3697.0,8102.0,16590.0,33468.0,61307.0,311810.0,1
3077.0,202.0,246.0,170.0,205.0,221.0,332.0,513.0,814.0,1189.0,1824.0,2898.0,5168.0,11233.0,35790.0,722550.0,1
710.0,1210.0,222.0,233.0,213.0,311.0,403.0,597.0,1028.0,1911.0,4067.0,8767.0,17620.0,35139.0,61879.0,307482.0,0
5.0,0.0,2.0,8.0,13.0,61.0,133.0,290.0,1152.0,3610.0,5611.0,11492.0,34341.0,115146.0,399562.0,2574302.0,0
602.0,1180.0,187.0,169.0,172.0,247.0,468.0,791.0,1148.0,2242.0,4578.0,9247.0,17900.0,33850.0,60271.0,308740.0,0
10495.0,3.0,2.0,1.0,2.0,1.0,2.0,2.0,4.0,4.0,4.0,38.0,351.0,3970.0,31890.0,1651247.0,0
515.0,1095.0,173.0,23.0,23.0,27.0,40.0,129.0,346.0,932.0,2367.0,6200.0,14788.0,33050.0,63723.0,318361.0,0
1.0,1.0,9.0,170.0,369.0,408.0,726.0,1577.0,1303.0,2581.0,3723.0,205.0,806.0,7651.0,139465.0,6918893.0,0
69.0,19.0,31.0,48.0,52.0,86.0,204.0,337.0,572.0,997.0,4866.0,4062.0,5592.0,8568.0,103247.0,6949138.0,1
806.0,41.0,51.0,135.0,264.0,225.0,460.0,534.0,452.0,443.0,537.0,578.0,1477.0,4946.0,28786.0,580755.0,1
824.0,121.0,121.0,122.0,150.0,246.0,141.0,170.0,161.0,275.0,1255.0,33.0,218.0,1908.0,19003.0,761684.0,0
565.0,38.0,28.0,32.0,51.0,82.0,79.0,78.0,95.0,432.0,1675.0,2081.0,2027.0,9510.0,60173.0,660092.0,1
1877.0,890.0,153.0,288.0,358.0,2.0,2.0,3.0,5.0,16.0,65.0,226.0,1097.0,3367.0,15558.0,759967.0,0
7746.0,43.0,28.0,27.0,123.0,48.0,49.0,63.0,105.0,113.0,235.0,211.0,406.0,2408.0,25309.0,1659973.0,1
896.0,199.0,228.0,309.0,301.0,407.0,572.0,688.0,762.0,942.0,1294.0,2140.0,4746.0,13559.0,50145.0,524972.0,1
3025.0,1391.0,536.0,556.0,560.0,715.0,810.0,976.0,1415.0,2318.0,4362.0,8241.0,16327.0,33057.0,59173.0,308330.0,0
4117.0,1452.0,444.0,308.0,219.0,163.0,240.0,373.0,729.0,1144.0,2095.0,6272.0,22634.0,103713.0,509694.0,4385251.0,0
736.0,1055.0,175.0,123.0,106.0,136.0,154.0,238.0,517.0,1072.0,2745.0,6301.0,14244.0,31882.0,63370.0,318938.0,0
1044.0,1454.0,466.0,369.0,417.0,466.0,633.0,691.0,979.0,1761.0,3609.0,7902.0,16040.0,31729.0,59996.0,314236.0,1
10488.0,0.0,1.0,1.0,4.0,1.0,2.0,6.0,9.0,27.0,53.0,115.0,392.0,3624.0,38395.0,1644898.0,1
1764.0,93.0,86.0,93.0,122.0,112.0,120.0,135.0,119.0,188.0,2401.0,1596.0,732.0,2986.0,35698.0,690793.0,0
9.0,24.0,93.0,117.0,95.0,185.0,685.0,873.0,840.0,310.0,273.0,419.0,1722.0,8754.0,44737.0,548870.0,0
1.0,3.0,4.0,9.0,9.0,19.0,45.0,652.0,2897.0,224.0,368.0,904.0,3190.0,14922.0,67670.0,646121.0,0
4.0,10.0,20.0,26.0,39.0,141.0,287.0,563.0,2156.0,552.0,529.0,925.0,2556.0,9003.0,62973.0,657254.0,0
1024.0,16.0,38.0,64.0,61.0,119.0,526.0,502.0,144.0,5.0,4.0,23.0,284.0,1302.0,9705.0,379133.0,0
888.0,1016.0,247.0,207.0,240.0,315.0,461.0,734.0,1223.0,2325.0,4572.0,9231.0,17713.0,35301.0,60660.0,306659.0,0
1.0,0.0,3.0,3.0,66.0,412.0,1259.0,2783.0,3173.0,3111.0,476.0,945.0,5371.0,44019.0,405681.0,6610585.0,0
635.0,1162.0,198.0,144.0,165.0,209.0,318.0,595.0,1212.0,2459.0,4071.0,8715.0,18462.0,36843.0,62497.0,304107.0,0
581.0,435.0,168.0,140.0,154.0,166.0,282.0,329.0,623.0,1282.0,1883.0,6946.0,24701.0,95287.0,380667.0,2632084.0,0
818.0,1364.0,265.0,299.0,337.0,415.0,611.0,896.0,1577.0,2863.0,4790.0,9472.0,18375.0,35477.0,60450.0,303783.0,0
655.0,383.0,270.0,230.0,236.0,307.0,473.0,841.0,1734.0,4208.0,10602.0,28056.0,74566.0,195655.0,455164.0,2372348.0,0
722.0,1036.0,122.0,147.0,101.0,127.0,178.0,263.0,481.0,1110.0,2442.0,5999.0,13843.0,30925.0,62921.0,321375.0,0
1775.0,120.0,178.0,256.0,292.0,407.0,862.0,952.0,1089.0,1383.0,2103.0,3153.0,4485.0,8611.0,27868.0,697973.0,0
10488.0,1.0,2.0,1.0,3.0,3.0,1.0,3.0,3.0,4.0,5.0,7.0,51.0,2339.0,10748.0,1674357.0,0
920.0,744.0,152.0,50.0,67.0,87.0,139.0,300.0,635.0,1300.0,3206.0,7635.0,16824.0,35714.0,64601.0,309418.0,0
10493.0,2.0,2.0,1.0,3.0,1.0,4.0,1.0,5.0,5.0,43.0,200.0,1268.0,9869.0,67903.0,1608216.0,1
266.0,132.0,232.0,332.0,548.0,562.0,742.0,1130.0,1451.0,1526.0,2245.0,1726.0,2319.0,5004.0,19822.0,697278.0,0
199.0,13.0,23.0,26.0,13.0,25.0,39.0,30.0,69.0,186.0,514.0,2072.0,6645.0,20848.0,75880.0,679850.0,1
1.0,1.0,4.0,33.0,134.0,178.0,710.0,1950.0,323.0,63.0,74.0,168.0,1326.0,4125.0,22321.0,663153.0,0
10492.0,2.0,1.0,3.0,2.0,2.0,5.0,2.0,3.0,10.0,17.0,55.0,371.0,3439.0,27732.0,1655880.0,0
653.0,66.0,2.0,0.0,0.0,5.0,4.0,15.0,27.0,94.0,175.0,414.0,1481.0,5582.0,22423.0,360383.0,1
3572.0,2.0,26.0,30.0,25.0,39.0,37.0,75.0,158.0,281.0,425.0,797.0,1381.0,4143.0,19349.0,753534.0,0
799.0,101.0,108.0,117.0,102.0,107.0,125.0,150.0,177.0,260.0,504.0,2206.0,3277.0,5023.0,23264.0,556136.0,0
34.0,1.0,18.0,15.0,24.0,101.0,488.0,966.0,435.0,880.0,678.0,176.0,567.0,3226.0,22170.0,717149.0,0
128.0,13.0,23.0,63.0,65.0,173.0,407.0,683.0,442.0,257.0,193.0,605.0,1558.0,4204.0,25797.0,664049.0,1
794.0,459.0,204.0,197.0,213.0,251.0,326.0,506.0,792.0,2264.0,4346.0,11286.0,36413.0,123229.0,411288.0,2553160.0,0
41.0,9.0,23.0,28.0,59.0,73.0,126.0,292.0,614.0,862.0,1697.0,1621.0,3010.0,8124.0,32860.0,600873.0,0
83.0,1.0,8.0,6.0,6.0,2.0,3.0,5.0,9.0,20.0,34.0,87.0,386.0,3577.0,20904.0,567325.0,0
84.0,100.0,119.0,108.0,56.0,66.0,75.0,97.0,716.0,1234.0,1228.0,833.0,2183.0,4987.0,20934.0,704218.0,0
3301.0,180.0,23.0,55.0,8.0,2.0,6.0,2.0,12.0,32.0,78.0,287.0,1184.0,5213.0,33863.0,739628.0,0
2.0,0.0,0.0,2.0,3.0,29.0,657.0,3073.0,4301.0,1869.0,1135.0,668.0,3222.0,23594.0,283077.0,6756256.0,1
75.0,20.0,16.0,20.0,34.0,41.0,58.0,98.0,164.0,377.0,691.0,1415.0,4268.0,16303.0,86812.0,1430660.0,0
1116.0,91.0,111.0,105.0,112.0,157.0,300.0,637.0,418.0,475.0,782.0,1005.0,2402.0,9026.0,41366.0,553739.0,0
2.0,0.0,2.0,6.0,15.0,14.0,52.0,132.0,340.0,1084.0,3604.0,11742.0,37388.0,113389.0,368457.0,2609501.0,0
1.0,0.0,3.0,2.0,13.0,17.0,33.0,76.0,764.0,1389.0,2753.0,7273.0,15686.0,67358.0,473123.0,6509397.0,0
93.0,40.0,52.0,83.0,115.0,169.0,257.0,414.0,646.0,1368.0,1959.0,3187.0,5898.0,12631.0,32859.0,588617.0,0
764.0,927.0,224.0,134.0,116.0,139.0,206.0,380.0,701.0,1567.0,2982.0,6462.0,15477.0,34251.0,64818.0,312644.0,0
2.0,1.0,2.0,15.0,271.0,2462.0,762.0,26.0,91.0,190.0,532.0,1670.0,6006.0,22350.0,82184.0,614059.0,0
301.0,26.0,46.0,73.0,89.0,222.0,657.0,1109.0,611.0,714.0,1743.0,1037.0,3735.0,17052.0,87608.0,1463579.0,0
2548.0,233.0,240.0,222.0,290.0,248.0,345.0,282.0,353.0,462.0,621.0,1026.0,1969.0,4795.0,20262.0,357428.0,0
938.0,895.0,123.0,183.0,152.0,202.0,262.0,425.0,705.0,1119.0,2134.0,4459.0,10336.0,24970.0,55700.0,339189.0,0
1.0,8.0,12.0,25.0,29.0,56.0,87.0,154.0,686.0,3198.0,4757.0,4757.0,16555.0,77186.0,351346.0,2686871.0,0
1.0,2.0,49.0,574.0,1513.0,961.0,466.0,166.0,326.0,729.0,1367.0,4200.0,12283.0,37560.0,109033.0,567808.0,0
3094.0,81.0,136.0,84.0,16.0,128.0,67.0,30.0,45.0,122.0,292.0,873.0,2629.0,9612.0,43844.0,722821.0,0
28.0,16.0,16.0,38.0,56.0,86.0,148.0,198.0,579.0,805.0,2647.0,6627.0,10459.0,39057.0,356471.0,6660657.0,0
10.0,13.0,3.0,8.0,94.0,364.0,1236.0,1983.0,3878.0,2909.0,520.0,130.0,391.0,2585.0,57223.0,7006541.0,0
2.0,0.0,0.0,1.0,4.0,11.0,117.0,1232.0,3183.0,2972.0,1967.0,408.0,1204.0,8070.0,134533.0,4811605.0,0
2.0,0.0,0.0,50.0,90.0,105.0,166.0,624.0,1053.0,4631.0,6475.0,2673.0,5179.0,16748.0,208668.0,5700928.0,1
20.0,4.0,17.0,51.0,63.0,84.0,183.0,814.0,1015.0,731.0,850.0,546.0,1149.0,5483.0,37295.0,698994.0,0
23.0,39.0,189.0,386.0,1520.0,1339.0,95.0,15.0,38.0,106.0,293.0,781.0,2846.0,11268.0,68069.0,699425.0,0
1.0,4.0,3.0,14.0,32.0,67.0,154.0,334.0,1307.0,1660.0,1999.0,3954.0,10005.0,26298.0,71404.0,475220.0,0
318.0,112.0,138.0,104.0,88.0,83.0,137.0,318.0,2518.0,4370.0,3767.0,1156.0,2359.0,11569.0,140746.0,6910105.0,1
2.0,2.0,1.0,7.0,15.0,43.0,99.0,234.0,680.0,1910.0,5984.0,18262.0,57708.0,156527.0,419231.0,2485023.0,0
1427.0,1343.0,343.0,320.0,388.0,432.0,528.0,721.0,1202.0,2234.0,4074.0,8118.0,17147.0,35238.0,61181.0,307096.0,0
10498.0,0.0,1.0,0.0,1.0,2.0,0.0,3.0,5.0,2.0,14.0,40.0,413.0,4768.0,35905.0,1646364.0,0
1.0,0.0,1.0,3.0,3.0,4.0,13.0,82.0,419.0,2590.0,4927.0,2629.0,9882.0,75209.0,508907.0,4434178.0,0
1.0,6.0,7.0,9.0,21.0,142.0,609.0,1017.0,1530.0,2167.0,1542.0,1434.0,1558.0,4666.0,59851.0,3071168.0,1
1.0,5.0,3.0,1.0,110.0,1119.0,2676.0,3331.0,1304.0,120.0,121.0,346.0,1436.0,10598.0,137281.0,4432853.0,1
122.0,273.0,357.0,500.0,1417.0,3194.0,2545.0,956.0,11.0,23.0,91.0,240.0,1131.0,10001.0,157056.0,5236051.0,0
232.0,31.0,35.0,46.0,50.0,51.0,69.0,112.0,178.0,272.0,382.0,2093.0,2314.0,2063.0,25373.0,703737.0,1
5.0,276.0,447.0,677.0,1027.0,1506.0,2373.0,2208.0,1610.0,1531.0,2061.0,2944.0,6951.0,25577.0,209190.0,6819505.0,1
1.0,0.0,0.0,0.0,2.0,1.0,2.0,499.0,3856.0,5927.0,609.0,240.0,1178.0,7280.0,112126.0,6946167.0,0
140.0,489.0,827.0,892.0,1319.0,1380.0,1746.0,1530.0,1334.0,1777.0,663.0,898.0,2344.0,10556.0,128440.0,6923553.0,1
10.0,13.0,24.0,63.0,122.0,177.0,236.0,277.0,412.0,492.0,693.0,1872.0,5617.0,13168.0,60766.0,646681.0,0
1255.0,114.0,93.0,73.0,72.0,69.0,97.0,110.0,107.0,277.0,1094.0,1714.0,2539.0,7406.0,52904.0,669114.0,1
6.0,3.0,2.0,128.0,372.0,954.0,2199.0,2773.0,3291.0,1084.0,79.0,280.0,1375.0,10421.0,163855.0,6891066.0,0
494.0,1230.0,171.0,118.0,114.0,120.0,169.0,286.0,559.0,1401.0,2952.0,6753.0,15597.0,34189.0,64067.0,313572.0,0
39.0,20.0,20.0,47.0,112.0,144.0,547.0,1062.0,1080.0,462.0,277.0,448.0,1420.0,6499.0,34548.0,601083.0,0
9410.0,15.0,22.0,34.0,27.0,20.0,40.0,44.0,79.0,84.0,233.0,479.0,1359.0,6543.0,44991.0,1634636.0,0
22.0,26.0,31.0,59.0,76.0,135.0,343.0,1281.0,793.0,131.0,372.0,930.0,3581.0,10277.0,49304.0,375007.0,0
2.0,0.0,0.0,22.0,775.0,1921.0,3226.0,3190.0,187.0,13.0,48.0,131.0,494.0,4380.0,103085.0,5251186.0,0
10469.0,6.0,9.0,5.0,5.0,10.0,11.0,33.0,85.0,165.0,341.0,784.0,2168.0,9114.0,44618.0,1630193.0,0
184.0,85.0,146.0,180.0,186.0,204.0,277.0,407.0,844.0,1524.0,1494.0,1323.0,3307.0,11091.0,45922.0,719258.0,0
22.0,55.0,87.0,34.0,104.0,147.0,686.0,1090.0,946.0,293.0,115.0,235.0,1004.0,4532.0,27602.0,611436.0,1
474.0,563.0,149.0,96.0,95.0,117.0,158.0,190.0,341.0,573.0,821.0,1764.0,4045.0,12529.0,62088.0,702429.0,1
1772.0,104.0,113.0,133.0,121.0,157.0,198.0,242.0,495.0,2690.0,1163.0,886.0,2363.0,9859.0,61545.0,655197.0,1
169.0,143.0,131.0,148.0,163.0,195.0,253.0,399.0,609.0,1829.0,4104.0,5036.0,15991.0,61061.0,295164.0,2760333.0,0
815.0,98.0,101.0,117.0,115.0,123.0,156.0,297.0,341.0,229.0,394.0,955.0,944.0,5198.0,28820.0,747729.0,0
3406.0,245.0,151.0,169.0,205.0,315.0,199.0,338.0,503.0,946.0,1735.0,4424.0,12396.0,46329.0,234920.0,3565207.0,0
64.0,7.0,7.0,6.0,5.0,9.0,4.0,12.0,9.0,131.0,2057.0,726.0,136.0,820.0,9659.0,500880.0,1
850.0,989.0,203.0,132.0,151.0,167.0,259.0,443.0,867.0,1801.0,3746.0,8496.0,16589.0,33411.0,61218.0,312470.0,0
147.0,272.0,463.0,505.0,657.0,1053.0,1599.0,3331.0,2668.0,139.0,119.0,352.0,1613.0,13306.0,209818.0,6841846.0,1
19.0,404.0,589.0,840.0,1058.0,649.0,28.0,4.0,13.0,27.0,66.0,134.0,517.0,3461.0,50435.0,728188.0,0
1956.0,833.0,236.0,293.0,359.0,220.0,226.0,239.0,349.0,595.0,1600.0,4844.0,16757.0,73652.0,334696.0,2708873.0,1
6.0,30.0,68.0,575.0,2381.0,380.0,0.0,7.0,20.0,47.0,159.0,661.0,3508.0,15817.0,85889.0,627490.0,0
16.0,46.0,267.0,1139.0,2355.0,3050.0,2374.0,1266.0,954.0,1164.0,3179.0,9706.0,34965.0,139963.0,657584.0,6219860.0,1
6165.0,42.0,31.0,51.0,31.0,26.0,55.0,69.0,82.0,142.0,243.0,509.0,1347.0,6439.0,46853.0,1635931.0,1
2.0,0.0,0.0,0.0,0.0,2.0,169.0,1589.0,4461.0,1136.0,829.0,4711.0,19210.0,88749.0,383063.0,2641807.0,1
304.0,32.0,29.0,41.0,43.0,47.0,71.0,80.0,126.0,368.0,1621.0,1396.0,1477.0,3598.0,32342.0,744857.0,1
10181.0,25.0,26.0,53.0,46.0,55.0,90.0,124.0,262.0,479.0,969.0,2233.0,6093.0,19624.0,81669.0,1576087.0,1
1055.0,880.0,166.0,138.0,123.0,218.0,301.0,500.0,781.0,1475.0,2703.0,6070.0,13212.0,31134.0,64684.0,318352.0,0
4.0,2.0,3.0,7.0,25.0,85.0,206.0,411.0,602.0,1439.0,3051.0,3644.0,3909.0,14163.0,195438.0,6854899.0,1
2374.0,141.0,255.0,401.0,366.0,455.0,726.0,902.0,1377.0,1830.0,2809.0,4608.0,8037.0,16159.0,44857.0,698577.0,1
586.0,1098.0,128.0,113.0,84.0,103.0,134.0,219.0,347.0,687.0,1592.0,4286.0,11657.0,27723.0,62509.0,330526.0,0
2.0,0.0,37.0,43.0,137.0,65.0,215.0,742.0,1547.0,2828.0,2720.0,1617.0,2084.0,11183.0,164318.0,5486907.0,1
1.0,3.0,53.0,535.0,2204.0,631.0,39.0,19.0,48.0,162.0,475.0,1610.0,6068.0,23618.0,86053.0,615519.0,0
114.0,10.0,16.0,27.0,22.0,44.0,72.0,88.0,98.0,157.0,761.0,2945.0,1465.0,5379.0,27325.0,553933.0,0
10062.0,38.0,22.0,36.0,42.0,20.0,19.0,40.0,36.0,35.0,31.0,71.0,730.0,4319.0,27039.0,1655476.0,0
10490.0,2.0,1.0,2.0,2.0,1.0,2.0,3.0,3.0,6.0,8.0,6.0,119.0,2465.0,14548.0,1670358.0,0
3228.0,411.0,515.0,555.0,643.0,750.0,911.0,1158.0,1529.0,2133.0,3410.0,8301.0,12987.0,35416.0,96258.0,568833.0,0
4.0,10.0,189.0,750.0,2225.0,332.0,71.0,78.0,193.0,435.0,1011.0,2910.0,9909.0,34018.0,104301.0,580602.0,0
2264.0,195.0,454.0,250.0,183.0,198.0,23.0,0.0,3.0,10.0,32.0,196.0,1079.0,4765.0,32492.0,741730.0,1
136.0,34.0,55.0,58.0,73.0,81.0,191.0,270.0,463.0,2325.0,5802.0,11266.0,35115.0,121346.0,416440.0,2552073.0,0
771.0,898.0,108.0,102.0,69.0,79.0,72.0,127.0,192.0,547.0,1569.0,4295.0,11843.0,29069.0,64024.0,328027.0,0
116.0,33.0,45.0,40.0,52.0,58.0,72.0,99.0,214.0,1313.0,6136.0,11178.0,33760.0,119313.0,414392.0,2558907.0,0
474.0,72.0,83.0,122.0,165.0,229.0,365.0,596.0,1191.0,2556.0,6068.0,14949.0,37058.0,97332.0,277139.0,2707329.0,1
590.0,1180.0,171.0,140.0,145.0,91.0,170.0,263.0,616.0,1152.0,2403.0,6072.0,15810.0,35871.0,66145.0,310973.0,1
1593.0,241.0,436.0,148.0,235.0,714.0,130.0,78.0,4.0,9.0,26.0,113.0,644.0,2859.0,17850.0,758794.0,0
38.0,10.0,7.0,9.0,9.0,13.0,12.0,17.0,21.0,25.0,46.0,72.0,356.0,2993.0,28041.0,754763.0,0
1.0,0.0,5.0,5.0,5.0,6.0,16.0,83.0,1412.0,2178.0,275.0,547.0,1211.0,3914.0,37840.0,689540.0,0
1164.0,40.0,55.0,185.0,127.0,151.0,506.0,680.0,276.0,258.0,262.0,857.0,1808.0,6553.0,29573.0,718200.0,0
92.0,11.0,6.0,12.0,8.0,18.0,21.0,23.0,45.0,1084.0,2248.0,524.0,1793.0,7694.0,40131.0,538746.0,0
816.0,126.0,101.0,135.0,128.0,151.0,239.0,276.0,289.0,489.0,833.0,111.0,384.0,2167.0,19211.0,760976.0,0
1965.0,529.0,331.0,138.0,427.0,176.0,4.0,1.0,2.0,2.0,6.0,34.0,628.0,1490.0,11305.0,766836.0,0
338.0,29.0,31.0,41.0,111.0,191.0,473.0,805.0,652.0,231.0,416.0,225.0,743.0,3752.0,22734.0,588428.0,0
221.0,44.0,58.0,150.0,263.0,568.0,1417.0,1983.0,2318.0,2388.0,2684.0,3911.0,6895.0,16912.0,59620.0,1426600.0,0
1.0,0.0,1.0,0.0,0.0,4.0,9.0,21.0,38.0,130.0,3428.0,1123.0,4959.0,23622.0,99644.0,604058.0,1
608.0,1203.0,171.0,203.0,121.0,169.0,216.0,386.0,725.0,1474.0,3403.0,7500.0,16339.0,34716.0,63287.0,311271.0,0
1.0,0.0,7.0,9.0,9.0,51.0,478.0,819.0,1378.0,3424.0,3428.0,2131.0,2879.0,20384.0,233877.0,6809013.0,0
898.0,876.0,161.0,121.0,104.0,113.0,113.0,156.0,241.0,506.0,1205.0,3785.0,10504.0,28954.0,65963.0,328092.0,0
557.0,1221.0,174.0,125.0,149.0,184.0,241.0,445.0,856.0,2014.0,3661.0,8114.0,18538.0,37524.0,63280.0,304709.0,0
3.0,3.0,4.0,18.0,23.0,69.0,107.0,335.0,983.0,2801.0,10747.0,29055.0,70269.0,179547.0,432856.0,2418908.0,0
78.0,57.0,69.0,47.0,88.0,87.0,145.0,163.0,240.0,483.0,801.0,1571.0,4656.0,16147.0,56288.0,567468.0,0
247.0,62.0,82.0,117.0,158.0,227.0,303.0,499.0,791.0,1010.0,1802.0,4186.0,6262.0,13150.0,55804.0,701732.0,1
10491.0,2.0,0.0,1.0,3.0,2.0,2.0,2.0,1.0,4.0,2.0,11.0,71.0,2082.0,18848.0,1666494.0,1
2889.0,758.0,611.0,802.0,739.0,634.0,874.0,1397.0,2092.0,662.0,343.0,562.0,1133.0,4279.0,66525.0,6993588.0,0
80.0,5.0,4.0,4.0,1.0,5.0,12.0,21.0,30.0,226.0,2506.0,634.0,965.0,4890.0,33047.0,550026.0,0
2.0,0.0,0.0,1.0,1.0,1.0,10.0,21.0,173.0,2865.0,6751.0,6034.0,24893.0,122534.0,554487.0,4321075.0,1
6.0,8.0,8.0,71.0,332.0,793.0,678.0,1610.0,268.0,87.0,95.0,169.0,369.0,2242.0,24078.0,755618.0,0
3.0,170.0,1204.0,2287.0,2204.0,1328.0,108.0,244.0,650.0,2053.0,6160.0,18752.0,57947.0,178406.0,480557.0,2393655.0,0
4.0,2.0,4.0,7.0,1.0,14.0,9.0,17.0,12.0,21.0,1965.0,1507.0,279.0,2673.0,30162.0,679300.0,0
85.0,4.0,6.0,3.0,1.0,12.0,6.0,18.0,22.0,353.0,2656.0,123.0,201.0,1650.0,18463.0,568853.0,0
970.0,946.0,164.0,164.0,136.0,172.0,243.0,319.0,526.0,854.0,1954.0,4762.0,12433.0,30718.0,64530.0,322901.0,0
998.0,952.0,165.0,238.0,192.0,257.0,337.0,470.0,712.0,1185.0,2276.0,5287.0,13132.0,30007.0,62888.0,322696.0,0
2760.0,330.0,124.0,54.0,36.0,46.0,96.0,114.0,129.0,223.0,196.0,223.0,657.0,2809.0,16286.0,762349.0,0
1654.0,379.0,489.0,646.0,827.0,1015.0,1373.0,1594.0,1994.0,2886.0,3761.0,4568.0,7038.0,13255.0,37786.0,535771.0,0
3018.0,368.0,160.0,5.0,14.0,1.0,0.0,2.0,5.0,10.0,19.0,88.0,397.0,1521.0,13100.0,765166.0,0
1887.0,82.0,179.0,97.0,265.0,639.0,999.0,1730.0,1104.0,1376.0,2205.0,3967.0,8581.0,23956.0,90444.0,1418561.0,0
2922.0,408.0,43.0,127.0,64.0,36.0,36.0,43.0,67.0,89.0,130.0,268.0,710.0,2426.0,11902.0,764603.0,1
207.0,80.0,67.0,79.0,86.0,90.0,107.0,170.0,238.0,382.0,736.0,1423.0,3628.0,13691.0,77561.0,3772943.0,0
2970.0,295.0,640.0,691.0,1090.0,1815.0,2448.0,3053.0,3534.0,4180.0,5148.0,7045.0,12992.0,31566.0,113980.0,1387155.0,0
310.0,110.0,185.0,195.0,248.0,179.0,546.0,785.0,996.0,314.0,401.0,660.0,1928.0,6384.0,28769.0,702118.0,0
109.0,24.0,62.0,68.0,11.0,287.0,1402.0,776.0,383.0,171.0,193.0,158.0,630.0,4183.0,18930.0,756487.0,0
1.0,0.0,4.0,5.0,10.0,23.0,29.0,107.0,216.0,902.0,6953.0,8802.0,24566.0,104126.0,544504.0,4348600.0,0
563.0,142.0,7.0,3.0,1.0,0.0,2.0,5.0,11.0,113.0,434.0,299.0,922.0,4317.0,19458.0,362879.0,0
25.0,20.0,10.0,24.0,64.0,216.0,522.0,554.0,485.0,721.0,633.0,773.0,2303.0,8870.0,43505.0,636315.0,1
2.0,1.0,2.0,16.0,357.0,2238.0,2569.0,3732.0,2007.0,308.0,755.0,2154.0,9308.0,47759.0,427800.0,6578880.0,0
1486.0,790.0,978.0,1066.0,1001.0,1040.0,951.0,993.0,1634.0,2699.0,9767.0,9654.0,16630.0,49430.0,313996.0,5603885.0,0
40.0,34.0,36.0,62.0,133.0,769.0,1610.0,15.0,12.0,36.0,127.0,370.0,1281.0,4949.0,31552.0,401342.0,0
3.0,7.0,13.0,378.0,541.0,575.0,633.0,809.0,1429.0,2241.0,4110.0,2645.0,2349.0,9909.0,150425.0,6901821.0,0
1.0,2.0,7.0,19.0,45.0,135.0,468.0,2133.0,5463.0,8387.0,12843.0,30943.0,65324.0,182213.0,419654.0,2418091.0,0
12.0,21.0,20.0,22.0,37.0,207.0,466.0,890.0,2434.0,3124.0,2061.0,1352.0,2710.0,11026.0,117679.0,4316524.0,1
826.0,82.0,94.0,94.0,111.0,171.0,223.0,250.0,472.0,1709.0,2319.0,1056.0,1650.0,6629.0,55627.0,645375.0,0
1.0,1.0,1.0,3.0,2.0,156.0,899.0,1144.0,1142.0,274.0,26.0,85.0,276.0,1361.0,19805.0,761256.0,0
1.0,2.0,3.0,5.0,8.0,45.0,175.0,882.0,2560.0,4849.0,9315.0,22819.0,65105.0,178921.0,441115.0,2419923.0,0
15.0,99.0,739.0,1552.0,2248.0,1567.0,1023.0,627.0,1527.0,3567.0,11076.0,26122.0,82445.0,186864.0,486234.0,2340023.0,0
1.0,0.0,109.0,1030.0,2256.0,49.0,13.0,18.0,60.0,163.0,539.0,1713.0,8082.0,27623.0,90901.0,604481.0,0
89.0,55.0,110.0,134.0,148.0,164.0,187.0,294.0,450.0,781.0,2756.0,7259.0,21101.0,75017.0,333716.0,2703467.0,0
10494.0,1.0,4.0,1.0,3.0,3.0,2.0,3.0,2.0,3.0,0.0,10.0,116.0,3119.0,19811.0,1664444.0,0
687.0,1252.0,217.0,183.0,163.0,166.0,242.0,783.0,902.0,1413.0,3222.0,7806.0,17211.0,35315.0,63067.0,309163.0,1
812.0,958.0,169.0,110.0,97.0,100.0,123.0,209.0,422.0,957.0,2626.0,6732.0,16055.0,35776.0,64880.0,311766.0,0
630.0,1050.0,132.0,111.0,92.0,94.0,117.0,209.0,438.0,950.0,2395.0,5939.0,14757.0,32351.0,63475.0,319052.0,0
1369.0,1332.0,304.0,280.0,291.0,332.0,434.0,612.0,984.0,1759.0,3553.0,6962.0,15749.0,34124.0,62392.0,311315.0,0
2.0,0.0,0.0,0.0,1.0,5.0,2.0,9.0,34.0,849.0,2225.0,392.0,1663.0,8714.0,47964.0,530596.0,0
87.0,102.0,151.0,197.0,281.0,331.0,375.0,471.0,811.0,3615.0,1262.0,1649.0,3829.0,16594.0,88882.0,618401.0,1
603.0,1205.0,198.0,139.0,153.0,136.0,236.0,482.0,1028.0,2512.0,4379.0,9669.0,19859.0,37983.0,61700.0,301510.0,0
2.0,0.0,1.0,2.0,4.0,6.0,10.0,25.0,147.0,1546.0,1841.0,809.0,2510.0,8465.0,35911.0,541177.0,0
260.0,889.0,1719.0,2844.0,2547.0,2458.0,33.0,5.0,18.0,41.0,97.0,294.0,1909.0,15276.0,212154.0,6837344.0,0
9969.0,22.0,25.0,42.0,70.0,20.0,28.0,47.0,55.0,46.0,81.0,139.0,623.0,4868.0,31686.0,1650295.0,1
2601.0,762.0,592.0,611.0,785.0,964.0,652.0,614.0,635.0,1079.0,2298.0,823.0,1455.0,8878.0,150528.0,6904611.0,0
2.0,2.0,1.0,9.0,12.0,5.0,37.0,102.0,169.0,1177.0,1379.0,207.0,565.0,2175.0,19644.0,416882.0,0
1.0,0.0,2.0,2.0,1.0,1.0,10.0,259.0,3041.0,4138.0,1953.0,7189.0,28138.0,104416.0,378094.0,2618483.0,1
1.0,0.0,0.0,0.0,1.0,5.0,14.0,26.0,248.0,962.0,2329.0,6401.0,8301.0,41570.0,403395.0,6614635.0,0
1.0,1.0,1.0,169.0,1352.0,3036.0,4068.0,2138.0,44.0,71.0,160.0,554.0,2341.0,21254.0,258172.0,6784526.0,0
3.0,1.0,0.0,0.0,1.0,0.0,1.0,1.0,116.0,248.0,1689.0,1668.0,334.0,2382.0,26513.0,753475.0,0
10495.0,2.0,2.0,4.0,8.0,6.0,12.0,17.0,33.0,55.0,132.0,188.0,478.0,4265.0,21030.0,1661289.0,0
2176.0,608.0,184.0,110.0,324.0,165.0,2.0,3.0,6.0,12.0,20.0,103.0,635.0,2795.0,22244.0,754487.0,0
4.0,3.0,6.0,10.0,13.0,40.0,73.0,117.0,194.0,324.0,678.0,1953.0,8801.0,23356.0,88377.0,613089.0,0
48.0,185.0,537.0,980.0,939.0,680.0,159.0,82.0,217.0,501.0,1634.0,4508.0,13013.0,37219.0,95500.0,580836.0,1
554.0,153.0,154.0,184.0,224.0,241.0,218.0,230.0,219.0,277.0,406.0,1383.0,2959.0,3349.0,20253.0,561652.0,1
692.0,1203.0,248.0,176.0,157.0,226.0,322.0,544.0,935.0,1888.0,3925.0,7957.0,16682.0,34613.0,62392.0,309832.0,1
548.0,101.0,188.0,255.0,247.0,367.0,849.0,1640.0,1936.0,1894.0,2582.0,4084.0,8519.0,21625.0,87360.0,1446407.0,0
18.0,8.0,13.0,35.0,69.0,175.0,349.0,999.0,2881.0,7481.0,9276.0,15911.0,32231.0,73552.0,278644.0,3117302.0,1
3.0,0.0,2.0,0.0,0.0,1.0,1.0,92.0,372.0,2643.0,1395.0,603.0,176.0,1355.0,28425.0,1559660.0,1
1902.0,41.0,50.0,58.0,55.0,74.0,69.0,99.0,89.0,148.0,377.0,1104.0,3816.0,18172.0,81229.0,629755.0,1
35.0,73.0,319.0,1286.0,1393.0,331.0,7.0,20.0,38.0,112.0,372.0,984.0,3485.0,18989.0,81895.0,627699.0,0
3136.0,228.0,124.0,48.0,60.0,67.0,77.0,141.0,163.0,272.0,392.0,841.0,2087.0,6516.0,32107.0,740173.0,1
801.0,871.0,147.0,100.0,71.0,70.0,67.0,106.0,199.0,474.0,1488.0,4699.0,12548.0,31687.0,66284.0,322180.0,0
2.0,0.0,6.0,1.0,8.0,19.0,29.0,43.0,66.0,315.0,1615.0,1501.0,2548.0,6635.0,30090.0,549578.0,1
34.0,43.0,113.0,87.0,148.0,338.0,1153.0,2539.0,3323.0,3803.0,8546.0,24121.0,68594.0,189081.0,467668.0,2376137.0,0
1.0,2.0,6.0,7.0,5.0,12.0,30.0,953.0,4311.0,3984.0,1514.0,117.0,427.0,2335.0,55678.0,7008506.0,0
2226.0,351.0,174.0,388.0,142.0,464.0,312.0,100.0,98.0,183.0,359.0,947.0,2731.0,9311.0,47098.0,999004.0,1
9.0,18.0,17.0,19.0,28.0,128.0,1096.0,2924.0,4383.0,2520.0,250.0,440.0,1043.0,4417.0,78329.0,6982267.0,0
6.0,48.0,250.0,980.0,1874.0,3281.0,2581.0,1385.0,432.0,110.0,292.0,894.0,3658.0,32020.0,330465.0,6699612.0,0
10490.0,2.0,0.0,3.0,0.0,5.0,4.0,1.0,1.0,6.0,4.0,10.0,39.0,1085.0,12572.0,1673794.0,1
3685.0,170.0,185.0,108.0,126.0,108.0,107.0,134.0,140.0,190.0,225.0,487.0,766.0,2211.0,14939.0,367743.0,1
22.0,12.0,24.0,37.0,63.0,296.0,803.0,1969.0,2720.0,2769.0,5612.0,14210.0,49973.0,139910.0,451586.0,2475722.0,0
1.0,4.0,8.0,19.0,39.0,59.0,85.0,117.0,120.0,154.0,306.0,902.0,5147.0,9997.0,54718.0,665362.0,0
931.0,871.0,172.0,146.0,136.0,132.0,149.0,229.0,435.0,870.0,2157.0,5713.0,12626.0,30611.0,64393.0,322221.0,0
1450.0,43.0,77.0,94.0,56.0,88.0,79.0,168.0,196.0,257.0,309.0,398.0,1511.0,5765.0,29083.0,350306.0,1
572.0,1102.0,126.0,129.0,76.0,93.0,127.0,204.0,408.0,975.0,2100.0,4951.0,12701.0,30310.0,63486.0,324432.0,1
1.0,6.0,5.0,7.0,23.0,52.0,433.0,1799.0,3776.0,4628.0,3653.0,5429.0,17176.0,77239.0,496309.0,6467352.0,0
10492.0,5.0,3.0,2.0,4.0,1.0,0.0,2.0,4.0,2.0,2.0,21.0,366.0,4125.0,33386.0,1649601.0,1
38.0,28.0,44.0,45.0,68.0,114.0,249.0,823.0,1367.0,1252.0,1050.0,1137.0,2296.0,5720.0,21229.0,609080.0,0
609.0,1176.0,234.0,144.0,144.0,152.0,194.0,387.0,896.0,1633.0,3096.0,7449.0,17860.0,37645.0,64762.0,305411.0,0
980.0,88.0,89.0,91.0,82.0,81.0,72.0,60.0,67.0,79.0,3460.0,165.0,583.0,3328.0,39597.0,681801.0,0
543.0,27.0,23.0,29.0,26.0,27.0,42.0,35.0,331.0,2891.0,376.0,210.0,973.0,5976.0,54523.0,671006.0,0
1248.0,121.0,113.0,132.0,102.0,126.0,122.0,178.0,178.0,261.0,3069.0,1171.0,1299.0,5328.0,40228.0,683362.0,0
83.0,315.0,282.0,266.0,1080.0,974.0,151.0,87.0,185.0,381.0,938.0,2322.0,5990.0,14834.0,45560.0,506592.0,0
2286.0,1649.0,802.0,1088.0,1245.0,1350.0,1816.0,2503.0,3508.0,5057.0,7809.0,12465.0,19938.0,32580.0,52857.0,294839.0,1
30.0,8.0,4.0,9.0,6.0,6.0,14.0,12.0,16.0,31.0,105.0,770.0,3009.0,8529.0,44688.0,729195.0,0
119.0,8.0,4.0,8.0,11.0,24.0,35.0,47.0,48.0,93.0,2028.0,663.0,675.0,3716.0,30325.0,346510.0,1
